{
  "files": {
    "he_slide": "../../data/IHC_HE_Pair_Data_GA_hospital/PD-L1(HnE)/CODIPAI-STBX-SS-04336-S-EB-01.ndpi",
    "pdl1_slide": "../../data/IHC_HE_Pair_Data_GA_hospital/PD-L1(22C3)/CODIPAI-STBX-SS-04336-I-PD-22.ndpi",
    "prefix": "CODIPAI-STBX-SS-04336"
  },
  "dimensions": {
    "he_full": {
      "width": 26880,
      "height": 18432
    },
    "pdl1_full": {
      "width": 26880,
      "height": 20736
    },
    "he_thumbnail": {
      "width": 895,
      "height": 614
    },
    "pdl1_thumbnail": {
      "width": 896,
      "height": 691
    }
  },
  "transformation": {
    "thumbnail": {
      "angle_degrees": -30.0,
      "scale": 1.1,
      "translation_x": -31.0,
      "translation_y": -31.0,
      "matrix": [
        [
          0.9526279441628827,
          0.5499999999999999,
          -178.65100501288998
        ],
        [
          -0.5499999999999999,
          0.9526279441628827,
          229.668221141995
        ]
      ]
    },
    "fullres": {
      "angle_degrees": -30.0,
      "scale": 1.1,
      "translation_x": -931.0391061452514,
      "translation_y": -930.6058631921824,
      "matrix": [
        [
          0.9526279441628827,
          0.5499999999999999,
          -5363.158675694392
        ],
        [
          -0.5499999999999999,
          0.9526279441628827,
          6897.97500340269
        ]
      ]
    }
  },
  "downsampling": {
    "factor_x": 30.033519553072626,
    "factor_y": 30.019543973941367
  },
  "quality": {
    "iou_score": 0.7147810070695306
  }
}